{
  "val_accuracy": 0.800000011920929,
  "val_loss": 0.7931984066963196,
  "epochs": 40
}